{
  "id": "femenismthemod",
  "name": "Femenism the mod",
  "author": [
    "Creator"
  ],
  "description": "femenism mod by creator\nthis mod adds female jokers like duela and baroness that are designed to be counterparts to existing male jokers. they have similar effects but offer different ways to build synergies, giving more variety and balance to joker strategies. the goal is to expand the roster with strong female options that feel like natural partners or rivals to jokers like the baron.\nRequires any version of steamodded above 323b.",
  "prefix": "femenism",
  "main_file": "(Probably)ImportsntStuff.lua",
  "version": "1.2.0",
  "priority": 0,
  "badge_colour": "FFC0CB",
  "badge_text_colour": "E75480",
  "dependencies": [
    "Steamodded"
  ]
}